<?xml version="1.0" encoding="UTF-8" standalone="no"?>
<window xmlns="http://jmix.io/schema/ui/window"
        xmlns:chart="http://jmix.io/schema/ui/charts"
        caption="msg://diagramFromEntity.caption">
    <data>
        <collection id="countryGrowthDc" class="com.company.samplesales.entity.CountryGrowth">
            <fetchPlan extends="_base"/>
        </collection>
    </data>
    <layout>
        <chart:serialChart id="chart"
                           angle="30"
                           categoryField="country"
                           dataContainer="countryGrowthDc"
                           depth3D="60"
                           height="50%"
                           plotAreaFillAlphas="0.1"
                           startDuration="1"
                           width="50%">
            <chart:categoryAxis gridPosition="START"/>
            <chart:valueAxes>
                <chart:axis position="LEFT"
                            stackType="BOX_3D"
                            title="GDP growth rate"
                            unit="%"/>
            </chart:valueAxes>
            <chart:graphs>
                <chart:graph id="graph2014"
                             balloonText="GDP grow in [[category]] (2014): &lt;b&gt;[[value]]&lt;/b&gt;"
                             fillAlphas="0.9"
                             lineAlpha="0.2"
                             title="2014"
                             type="COLUMN"
                             valueField="year2014"/>
                <chart:graph id="graph2015"
                             balloonText="GDP grow in [[category]] (2015): &lt;b&gt;[[value]]&lt;/b&gt;"
                             fillAlphas="09."
                             lineAlpha="0.2"
                             title="2015"
                             type="COLUMN"
                             valueField="year2015"/>
            </chart:graphs>
            <chart:export/>
        </chart:serialChart>
    </layout>
</window>