<?xml version="1.0" encoding="UTF-8" standalone="no"?>
<window xmlns="http://jmix.io/schema/ui/window"
        xmlns:c="http://jmix.io/schema/ui/jpql-condition"
        caption="msg://newEntityBrowse.caption"
        focusComponent="newEntitiesTable">
    <data readOnly="true">
        <collection id="newEntitiesDc"
                    class="com.company.samplesales.entity.NewEntity">
            <fetchPlan extends="_base"/>
            <loader id="newEntitiesDl">
                <query>
                    <![CDATA[select e from sales_NewEntity e]]>
                </query>
            </loader>
        </collection>
    </data>
    <facets>
        <dataLoadCoordinator auto="true"/>
        <screenSettings id="settingsFacet" auto="true"/>
    </facets>
    <actions>
        <action id="lookupSelectAction"
                caption="msg:///actions.Select"
                icon="LOOKUP_OK"
                primary="true"
                shortcut="${COMMIT_SHORTCUT}"/>
        <action id="lookupCancelAction"
                caption="msg:///actions.Cancel"
                icon="LOOKUP_CANCEL"/>
    </actions>
    <dialogMode height="600"
                width="800"/>
    <layout expand="newEntitiesTable" spacing="true">
        <filter id="filter"
                dataLoader="newEntitiesDl">
            <properties include=".*"/>
        </filter>
        <groupTable id="newEntitiesTable"
                    width="100%"
                    dataContainer="newEntitiesDc">
            <actions>
                <action id="create" type="create"/>
                <action id="edit" type="edit"/>
                <action id="remove" type="remove"/>
            </actions>
            <columns>
                <column id="file"/>
            </columns>
            <simplePagination/>
            <buttonsPanel id="buttonsPanel"
                          alwaysVisible="true">
                <fileUpload/>
                <fileMultiUpload id="fileMultiUpload" caption="MultiUpload"/>
                <button id="createBtn" action="newEntitiesTable.create"/>
                <button id="editBtn" action="newEntitiesTable.edit"/>
                <button id="removeBtn" action="newEntitiesTable.remove"/>
            </buttonsPanel>
        </groupTable>
        <hbox id="lookupActions" spacing="true" visible="false">
            <button action="lookupSelectAction"/>
            <button action="lookupCancelAction"/>
        </hbox>
    </layout>
</window>
