<?xml version="1.0" encoding="UTF-8"?>
<databaseChangeLog
        xmlns="http://www.liquibase.org/xml/ns/dbchangelog"
        xmlns:xsi="http://www.w3.org/2001/XMLSchema-instance"
        xsi:schemaLocation="http://www.liquibase.org/xml/ns/dbchangelog
                      http://www.liquibase.org/xml/ns/dbchangelog/dbchangelog-4.2.xsd"
        objectQuotingStrategy="QUOTE_ONLY_RESERVED_WORDS">
    <changeSet id="1" author="sales">
        <addColumn tableName="SALES_CUSTOMER">
            <column name="CREATED_BY" type="VARCHAR(255)"/>
            <column name="CREATED_DATE" type="DATETIME"/>
            <column name="DELETED_BY" type="VARCHAR(255)"/>
            <column name="DELETED_DATE" type="DATETIME"/>
            <column name="LAST_MODIFIED_BY" type="VARCHAR(255)"/>
            <column name="LAST_MODIFIED_DATE" type="DATETIME"/>
            <column name="VERSION" type="INT">
                <constraints nullable="false"/>
            </column>
        </addColumn>
    </changeSet>
    <changeSet id="2" author="sales">
        <addColumn tableName="SALES_ORDER">
            <column name="CREATED_BY" type="VARCHAR(255)"/>
            <column name="CREATED_DATE" type="DATETIME"/>
            <column name="DELETED_BY" type="VARCHAR(255)"/>
            <column name="DELETED_DATE" type="DATETIME"/>
            <column name="LAST_MODIFIED_BY" type="VARCHAR(255)"/>
            <column name="LAST_MODIFIED_DATE" type="DATETIME"/>
            <column name="VERSION" type="INT">
                <constraints nullable="false"/>
            </column>
        </addColumn>
    </changeSet>
    <changeSet id="3" author="sales">
        <addColumn tableName="SALES_ORDER_LINE">
            <column name="CREATED_BY" type="VARCHAR(255)"/>
            <column name="CREATED_DATE" type="DATETIME"/>
            <column name="DELETED_BY" type="VARCHAR(255)"/>
            <column name="DELETED_DATE" type="DATETIME"/>
            <column name="LAST_MODIFIED_BY" type="VARCHAR(255)"/>
            <column name="LAST_MODIFIED_DATE" type="DATETIME"/>
            <column name="VERSION" type="INT">
                <constraints nullable="false"/>
            </column>
        </addColumn>
    </changeSet>
    <changeSet id="4" author="sales">
        <addColumn tableName="SALES_PRODUCT">
            <column name="CREATED_BY" type="VARCHAR(255)"/>
            <column name="CREATED_DATE" type="DATETIME"/>
            <column name="DELETED_BY" type="VARCHAR(255)"/>
            <column name="DELETED_DATE" type="DATETIME"/>
            <column name="LAST_MODIFIED_BY" type="VARCHAR(255)"/>
            <column name="LAST_MODIFIED_DATE" type="DATETIME"/>
            <column name="VERSION" type="INT">
                <constraints nullable="false"/>
            </column>
        </addColumn>
    </changeSet>
</databaseChangeLog>