<?xml version="1.0" encoding="UTF-8" standalone="no"?>
<window xmlns="http://jmix.io/schema/ui/window"
        caption="msg://orderLineEdit.caption"
        focusComponent="form">
    <data>
        <instance id="orderLineDc"
                  class="com.company.samplesales.entity.OrderLine">
            <fetchPlan extends="_local">
                <property name="product" fetchPlan="_instance_name"/>
            </fetchPlan>
            <loader/>
        </instance>
    </data>
    <facets>
        <dataLoadCoordinator auto="true"/>
        <screenSettings id="settingsFacet" auto="true"/>
    </facets>
    <actions>
        <action id="windowCommitAndClose" caption="msg:///actions.Ok"
                icon="EDITOR_OK"
                primary="true"
                shortcut="${COMMIT_SHORTCUT}"/>
        <action id="windowClose"
                caption="msg:///actions.Close"
                icon="EDITOR_CANCEL"/>
    </actions>
    <dialogMode height="600"
                width="800"/>
    <layout spacing="true" expand="editActions">
        <form id="form" dataContainer="orderLineDc">
            <column width="350px">
                <textField id="quantityField" property="quantity"/>
                <entityPicker id="productField" property="product">
                    <actions>
                        <action id="lookup" type="entity_lookup"/>
                        <action id="clear" type="entity_clear"/>
                    </actions>
                </entityPicker>
            </column>
        </form>
        <hbox id="editActions" spacing="true">
            <button id="commitAndCloseBtn" action="windowCommitAndClose"/>
            <button id="closeBtn" action="windowClose"/>
        </hbox>
    </layout>
</window>
