<window xmlns="http://jmix.io/schema/ui/window"
        caption="msg://application.caption">

    <layout>
        <cssLayout id="horizontalWrap"
                   stylename="jmix-drawer-layout">
            <drawer id="drawer" expandOnHover="true">
                <cssLayout id="appTitleBox"
                           stylename="jmix-drawer-header"
                           width="100%">
                    <image id="logoImage"
                           stylename="app-icon"
                           scaleMode="SCALE_DOWN">
                        <resource>
                            <theme path="branding/app-icon-menu.svg"/>
                        </resource>
                    </image>
                    <label id="appTitleLabel"
                           stylename="app-title"
                           value="msg://application.logoLabel"/>
                </cssLayout>
                <sideMenu id="sideMenu"
                          width="100%"
                          stylename="jmix-drawer-content"/>
                <timeZoneIndicator id="timeZoneIndicator"
                                   align="MIDDLE_CENTER"/>
                <cssLayout id="controlBox"
                           stylename="jmix-drawer-footer"
                           width="100%">
                    <button id="collapseDrawerButton"
                            icon="CHEVRON_LEFT"
                            stylename="jmix-drawer-collapse-button"
                            description="mainMsg://sideMenuCollapse"/>
                    <userIndicator id="userIndicator"
                                   align="MIDDLE_CENTER"/>
                    <logoutButton id="logoutButton"
                                  icon="SIGN_OUT"
                                  description="msg://logoutBtnDescription"/>
                </cssLayout>
            </drawer>
            <workArea id="workArea"
                      stylename="jmix-workarea"
                      height="100%">
                <initialLayout spacing="true" margin="true">
                </initialLayout>
            </workArea>
        </cssLayout>
    </layout>
</window>