<?xml version="1.0" encoding="UTF-8" standalone="no"?>
<window xmlns="http://jmix.io/schema/ui/window"
        xmlns:chart="http://jmix.io/schema/ui/charts"
        caption="msg://diagramFromDataProvider.caption">
    <layout>
        <chart:serialChart id="chart"
                           categoryField="year"
                           height="100%"
                           marginLeft="0"
                           marginTop="10"
                           plotAreaBorderAlpha="0"
                           width="100%">
            <chart:chartCursor cursorAlpha="0"/>
            <chart:legend equalWidths="false"
                          periodValueText="total: [[value.sum]]"
                          position="TOP"
                          valueAlign="LEFT"
                          valueWidth="100"/>
            <chart:valueAxes>
                <chart:axis gridAlpha="0.07"
                            position="LEFT"
                            stackType="REGULAR"
                            title="Traffic incidents"/>
            </chart:valueAxes>
            <chart:graphs>
                <chart:graph fillAlphas="0.6"
                             hidden="true"
                             lineAlpha="0.4"
                             title="Cars"
                             valueField="cars"/>
                <chart:graph fillAlphas="0.6"
                             lineAlpha="0.4"
                             title="Motorcycles"
                             valueField="motorcycles"/>
                <chart:graph fillAlphas="0.6"
                             lineAlpha="0.4"
                             title="Bicycles"
                             valueField="bicycles"/>
            </chart:graphs>
            <chart:categoryAxis axisColor="#DADADA"
                                gridAlpha="0.07"
                                startOnAxis="true"/>
            <chart:export/>
        </chart:serialChart>
    </layout>
</window>