<?xml version="1.0" encoding="UTF-8" standalone="no"?>
<window xmlns="http://jmix.io/schema/ui/window"
        xmlns:c="http://jmix.io/schema/ui/jpql-condition"
        caption="msg://orderBrowse.caption"
        focusComponent="ordersTable">
    <data readOnly="true">
        <collection id="ordersDc"
                    class="com.company.samplesales.entity.Order">
            <fetchPlan extends="_local">
                <property name="lines" fetchPlan="_instance_name">
                    <property name="quantity"/>
                    <property name="product" fetchPlan="_instance_name"/>
                </property>
                <property name="customer" fetchPlan="_instance_name"/>
            </fetchPlan>
            <loader id="ordersDl">
                <query>
                    <![CDATA[select e from sales_Order e]]>
                </query>
            </loader>
        </collection>
    </data>
    <facets>
        <dataLoadCoordinator auto="true"/>
        <screenSettings id="settingsFacet" auto="true"/>
    </facets>
    <actions>
        <action id="lookupSelectAction"
                caption="msg:///actions.Select"
                icon="LOOKUP_OK"
                primary="true"
                shortcut="${COMMIT_SHORTCUT}"/>
        <action id="lookupCancelAction"
                caption="msg:///actions.Cancel"
                icon="LOOKUP_CANCEL"/>
    </actions>
    <dialogMode height="600"
                width="800"/>
    <layout expand="ordersTable" spacing="true">
        <filter id="filter"
                dataLoader="ordersDl">
            <properties include=".*"/>
        </filter>
        <groupTable id="ordersTable"
                    width="100%"
                    dataContainer="ordersDc">
            <actions>
                <action id="create" type="create"/>
                <action id="edit" type="edit"/>
                <action id="remove" type="remove"/>
                <action id="showEntityInfo" type="showEntityInfo"/>
            </actions>
            <columns>
                <column id="date"/>
                <column id="customer"/>
                <column id="amount"/>
                <column id="numberOfSpecialProducts"/>
                <column id="orderNumber"/>
            </columns>
            <simplePagination/>
            <buttonsPanel id="buttonsPanel"
                          alwaysVisible="true">
                <button id="createBtn" action="ordersTable.create"/>
                <button id="editBtn" action="ordersTable.edit"/>
                <button id="removeBtn" action="ordersTable.remove"/>
            </buttonsPanel>
        </groupTable>
        <hbox id="lookupActions" spacing="true" visible="false">
            <button action="lookupSelectAction"/>
            <button action="lookupCancelAction"/>
        </hbox>
    </layout>
</window>
