<?xml version="1.0" encoding="UTF-8" standalone="no"?>
<window xmlns="http://jmix.io/schema/ui/window"
        caption="msg://orderEdit.caption"
        focusComponent="form">
    <data>
        <instance id="orderDc"
                  class="com.company.samplesales.entity.Order">
            <fetchPlan extends="_local">
                <property name="lines" fetchPlan="_instance_name">
                    <property name="quantity"/>
                    <property name="product" fetchPlan="_instance_name">
                        <property name="price"/>
                        <property name="special"/>
                    </property>
                </property>
                <property name="customer" fetchPlan="_instance_name"/>
            </fetchPlan>
            <loader/>
            <collection id="linesDc" property="lines"/>
        </instance>
    </data>
    <facets>
        <dataLoadCoordinator auto="true"/>
        <screenSettings id="settingsFacet" auto="true"/>
    </facets>
    <actions>
        <action id="windowCommitAndClose" caption="msg:///actions.Ok"
                icon="EDITOR_OK"
                primary="true"
                shortcut="${COMMIT_SHORTCUT}"/>
        <action id="windowClose"
                caption="msg:///actions.Close"
                icon="EDITOR_CANCEL"/>
    </actions>
    <dialogMode height="600"
                width="800"/>
    <layout spacing="true" expand="editActions">
        <form id="form" dataContainer="orderDc">
            <column width="350px">
                <entityPicker id="customerField" property="customer">
                    <actions>
                        <action id="lookup" type="entity_lookup"/>
                        <action id="clear" type="entity_clear"/>
                    </actions>
                </entityPicker>
                <dateField id="dateField" property="date"/>
                <textField id="numberOfSpecialProductsField" property="numberOfSpecialProducts" editable="false"/>
                <textField id="amountField" property="amount" editable="false"/>
                <textField id="orderNumberField" property="orderNumber"/>
            </column>
        </form>
        <groupBox id="linesBox">
            <table id="linesTable" dataContainer="linesDc" width="100%" height="200px">
                <actions>
                    <action id="create" type="create"/>
                    <action id="edit" type="edit"/>
                    <action id="remove" type="remove"/>
                </actions>
                <columns>
                    <column id="product.name"/>
                    <column id="product.price"/>
                    <column id="quantity"/>
                </columns>
                <buttonsPanel>
                    <button action="linesTable.create"/>
                    <button action="linesTable.edit"/>
                    <button action="linesTable.remove"/>
                </buttonsPanel>
            </table>
        </groupBox>
        <hbox id="editActions" spacing="true">
            <button id="commitAndCloseBtn" action="windowCommitAndClose"/>
            <button id="closeBtn" action="windowClose"/>
        </hbox>
    </layout>
</window>
